setting,N_top_voxels,surface_mode,splat_radius,disk_thickness,N_source_voxels,N_filled_voxels_raw,N_filled_voxels,min_filled_component_voxels,filled_component_count,filled_component_kept_count,filled_component_removed_count,filled_component_removed_voxels,voxel_size,voxel_area,A_region,canopy_projected_area,canopy_cover,z_ref,I_region,R_region,I_empty_region,L_model,ppfd_top_min,ppfd_top_max,ppfd_top_mean,warnings
170.0,43176,oriented_disk_splat,0.006,0.002,15506,367819,343450,2500,110,21,89,24369,0.002,4e-06,0.8400000000000001,0.172704,0.20559999999999998,0.3,28.196757327624034,33.567568247171465,141.5529334947562,0.19919585296809536,84.34312914226125,249.35672086906763,163.2663825251531,
205.0,43176,oriented_disk_splat,0.006,0.002,15506,367819,343450,2500,110,21,89,24369,0.002,4e-06,0.8400000000000001,0.172704,0.20559999999999998,0.3,37.37371001945957,44.49251192792806,187.622932217598,0.19919585296809536,111.79355179286921,330.51267806719613,216.4032681319458,
240.0,43176,oriented_disk_splat,0.006,0.002,15506,367819,343450,2500,110,21,89,24369,0.002,4e-06,0.8400000000000001,0.172704,0.20559999999999998,0.3,42.774913196744315,50.9225157104099,214.73797049176247,0.19919585296809536,127.94982011167399,378.2779688552912,247.67760559537885,
